[
    {
        "id" : "1",
        "name" : "Dr. AASHISH GHATOD",
        "src" : "/asstes/1.mp4",
        "count" : 1,
        "img" : "/asstes/DuphalacRenderOutput0001.png"
    },
    {
        "id" : "2",
        "name" : "Dr. AAYUSH GOLAKIYA",
        "src" : "/asstes/2.mp4",
        "count" : 1,
        "img" : "/asstes/DuphalacRenderOutput0001.png"
    },
    {
        "id" : "3",
        "name" : "Dr. ABHINANDAN POTPELWAR",
        "src" : "/asstes/3.mp4",
        "count" : 1,
        "img" : "/asstes/DuphalacRenderOutput0002.png"
    }
]